node_id,name,x_coord,y_coord,node_type,ctrl_type,zone_id,production,attraction,geometry,,,directed_route_id,activity_type,,,,,
1,10142,-76.93161,38.843839,stop,,0,0,0,POINT (-76.931610 38.843839),,,,poi,,,,,
2,10344,-77.021905,38.905638,stop,,0,0,0,POINT (-77.021905 38.905638),,,,poi,,,,,
3,10352,-77.129111,38.799263,stop,,0,0,0,POINT (-77.129111 38.799263),,,,poi,,,,,
4,10776,-77.074955,38.793895,stop,,0,0,0,POINT (-77.074955 38.793895),,,,poi,,,,,
5,11332,-77.071954,38.895493,stop,,0,0,0,POINT (-77.071954 38.895493),,,,poi,,,,,
6,11602,-77.228654,38.883146,stop,,0,0,0,POINT (-77.228654 38.883146),,,,poi,,,,,
7,11610,-77.271363,38.877881,stop,,0,0,0,POINT (-77.271363 38.877881),,,,poi,,,,,
8,11731,-76.911011,39.011067,stop,,0,0,0,POINT (-76.911011 39.011067),,,,poi,,,,,
9,11733,-76.928197,38.9784,stop,,0,0,0,POINT (-76.928197 38.978400),,,,poi,,,,,
10,11886,-76.969522,38.955028,stop,,0,0,0,POINT (-76.969522 38.955028),,,,poi,,,,,
11,12282,-77.156567,38.886042,stop,,0,0,0,POINT (-77.156567 38.886042),,,,poi,,,,,
12,12488,-77.084823,38.891331,stop,,0,0,0,POINT (-77.084823 38.891331),,,,poi,,,,,
13,12631,-77.11155,38.882238,stop,,0,0,0,POINT (-77.111550 38.882238),,,,poi,,,,,
14,12648,-77.094987,38.887176,stop,,0,0,0,POINT (-77.094987 38.887176),,,,poi,,,,,
15,12872,-77.006402,38.89777,stop,,0,0,0,POINT (-77.006402 38.897770),,,,poi,,,,,
16,12874,-77.016312,38.896121,stop,,0,0,0,POINT (-77.016312 38.896121),,,,poi,,,,,
17,12900,-77.005892,38.885669,stop,,0,0,0,POINT (-77.005892 38.885669),,,,poi,,,,,
18,12906,-77.028174,38.887587,stop,,0,0,0,POINT (-77.028174 38.887587),,,,poi,,,,,
19,12922,-77.103809,38.883074,stop,,0,0,0,POINT (-77.103809 38.883074),,,,poi,,,,,
20,12926,-77.062795,38.884612,stop,,0,0,0,POINT (-77.062795 38.884612),,,,poi,,,,,
21,12928,-77.053777,38.869474,stop,,0,0,0,POINT (-77.053777 38.869474),,,,poi,,,,,
22,12930,-77.059142,38.862961,stop,,0,0,0,POINT (-77.059142 38.862961),,,,poi,,,,,
23,1305,-76.913313,38.889571,stop,,0,0,0,POINT (-76.913313 38.889571),,,,poi,,,,,
24,13107,-76.89329,38.886702,stop,,0,0,0,POINT (-76.893290 38.886702),,,,poi,,,,,
25,13986,-77.053434,38.814052,stop,,0,0,0,POINT (-77.053434 38.814052),,,,poi,,,,,
26,13995,-77.060796,38.806506,stop,,0,0,0,POINT (-77.060796 38.806506),,,,poi,,,,,
27,14118,-77.188871,38.900738,stop,,0,0,0,POINT (-77.188871 38.900738),,,,poi,,,,,
28,1418,-77.029169,38.917015,stop,,0,0,0,POINT (-77.029169 38.917015),,,,poi,,,,,
29,14816,-77.168487,38.766196,stop,,0,0,0,POINT (-77.168487 38.766196),,,,poi,,,,,
30,16051,-77.053097,39.061743,stop,,0,0,0,POINT (-77.053097 39.061743),,,,poi,,,,,
31,20078,-77.032307,38.993658,stop,,0,0,0,POINT (-77.032307 38.993658),,,,poi,,,,,
32,21029,-77.042667,39.015465,stop,,0,0,0,POINT (-77.042667 39.015465),,,,poi,,,,,
33,21110,-76.911802,38.827022,stop,,0,0,0,POINT (-76.911802 38.827022),,,,poi,,,,,
34,2124,-76.890005,38.933994,stop,,0,0,0,POINT (-76.890005 38.933994),,,,poi,,,,,
35,22094,-77.112782,39.047162,stop,,0,0,0,POINT (-77.112782 39.047162),,,,poi,,,,,
36,25426,-76.947716,38.898313,stop,,0,0,0,POINT (-76.947716 38.898313),,,,poi,,,,,
37,25552,-77.032454,38.928711,stop,,0,0,0,POINT (-77.032454 38.928711),,,,poi,,,,,
38,25553,-77.024252,38.936255,stop,,0,0,0,POINT (-77.024252 38.936255),,,,poi,,,,,
39,2640,-77.096948,39.000062,stop,,0,0,0,POINT (-77.096948 39.000062),,,,poi,,,,,
40,2658,-76.870445,38.946912,stop,,0,0,0,POINT (-76.870445 38.946912),,,,poi,,,,,
41,3034,-76.955988,38.965252,stop,,0,0,0,POINT (-76.955988 38.965252),,,,poi,,,,,
42,308,-77.021927,38.914546,stop,,0,0,0,POINT (-77.021927 38.914546),,,,poi,,,,,
43,3542,-77.103838,39.029243,stop,,0,0,0,POINT (-77.103838 39.029243),,,,poi,,,,,
44,3969,-77.120792,39.062389,stop,,0,0,0,POINT (-77.120792 39.062389),,,,poi,,,,,
45,39924,-77.208304,38.925069,stop,,0,0,0,POINT (-77.208304 38.925069),,,,poi,,,,,
46,39925,-77.221713,38.920304,stop,,0,0,0,POINT (-77.221713 38.920304),,,,poi,,,,,
47,39926,-77.232555,38.919564,stop,,0,0,0,POINT (-77.232555 38.919564),,,,poi,,,,,
48,39927,-77.24088,38.928544,stop,,0,0,0,POINT (-77.240880 38.928544),,,,poi,,,,,
49,39928,-77.337699,38.947134,stop,,0,0,0,POINT (-77.337699 38.947134),,,,poi,,,,,
50,4271,-77.050776,39.038565,stop,,0,0,0,POINT (-77.050776 39.038565),,,,poi,,,,,
51,4364,-77.085767,38.960997,stop,,0,0,0,POINT (-77.085767 38.960997),,,,poi,,,,,
52,4387,-77.094151,38.984431,stop,,0,0,0,POINT (-77.094151 38.984431),,,,poi,,,,,
53,4567,-77.002981,38.907413,stop,,0,0,0,POINT (-77.002981 38.907413),,,,poi,,,,,
54,4613,-76.937662,38.890418,stop,,0,0,0,POINT (-76.937662 38.890418),,,,poi,,,,,
55,4655,-76.98786,38.845379,stop,,0,0,0,POINT (-76.987860 38.845379),,,,poi,,,,,
56,4664,-76.868498,38.893586,stop,,0,0,0,POINT (-76.868498 38.893586),,,,poi,,,,,
57,4697,-76.84454,38.900269,stop,,0,0,0,POINT (-76.844540 38.900269),,,,poi,,,,,
58,4710,-76.994474,38.933232,stop,,0,0,0,POINT (-76.994474 38.933232),,,,poi,,,,,
59,4905,-77.05235,38.925,stop,,0,0,0,POINT (-77.052350 38.925000),,,,poi,,,,,
60,4912,-77.058624,38.935852,stop,,0,0,0,POINT (-77.058624 38.935852),,,,poi,,,,,
61,4941,-77.063716,38.944519,stop,,0,0,0,POINT (-77.063716 38.944519),,,,poi,,,,,
62,4956,-77.044428,38.911129,stop,,0,0,0,POINT (-77.044428 38.911129),,,,poi,,,,,
63,5017,-77.0216,38.884886,stop,,0,0,0,POINT (-77.021600 38.884886),,,,poi,,,,,
64,5030,-76.935569,38.907945,stop,,0,0,0,POINT (-76.935569 38.907945),,,,poi,,,,,
65,5110,-76.977168,38.885982,stop,,0,0,0,POINT (-76.977168 38.885982),,,,poi,,,,,
66,5305,-77.001864,38.951808,stop,,0,0,0,POINT (-77.001864 38.951808),,,,poi,,,,,
67,5635,-77.039502,38.903297,stop,,0,0,0,POINT (-77.039502 38.903297),,,,poi,,,,,
68,5660,-77.079299,38.947849,stop,,0,0,0,POINT (-77.079299 38.947849),,,,poi,,,,,
69,5759,-77.004749,38.876517,stop,,0,0,0,POINT (-77.004749 38.876517),,,,poi,,,,,
70,6479,-76.99501,38.884148,stop,,0,0,0,POINT (-76.995010 38.884148),,,,poi,,,,,
71,6553,-76.985397,38.880874,stop,,0,0,0,POINT (-76.985397 38.880874),,,,poi,,,,,
72,6671,-76.995682,38.920778,stop,,0,0,0,POINT (-76.995682 38.920778),,,,poi,,,,,
73,6751,-76.995325,38.862117,stop,,0,0,0,POINT (-76.995325 38.862117),,,,poi,,,,,
74,6963,-77.017421,38.975432,stop,,0,0,0,POINT (-77.017421 38.975432),,,,poi,,,,,
75,7333,-77.015536,38.884981,stop,,0,0,0,POINT (-77.015536 38.884981),,,,poi,,,,,
76,7376,-77.017189,38.876478,stop,,0,0,0,POINT (-77.017189 38.876478),,,,poi,,,,,
77,7474,-77.021527,38.898354,stop,,0,0,0,POINT (-77.021527 38.898354),,,,poi,,,,,
78,7477,-77.021592,38.893907,stop,,0,0,0,POINT (-77.021592 38.893907),,,,poi,,,,,
79,7588,-77.027777,38.898327,stop,,0,0,0,POINT (-77.027777 38.898327),,,,poi,,,,,
80,7671,-77.027896,38.893789,stop,,0,0,0,POINT (-77.027896 38.893789),,,,poi,,,,,
81,7681,-76.975003,38.841047,stop,,0,0,0,POINT (-76.975003 38.841047),,,,poi,,,,,
82,7686,-76.956314,38.851164,stop,,0,0,0,POINT (-76.956314 38.851164),,,,poi,,,,,
83,7812,-77.031958,38.901335,stop,,0,0,0,POINT (-77.031958 38.901335),,,,poi,,,,,
84,7932,-77.039482,38.901366,stop,,0,0,0,POINT (-77.039482 38.901366),,,,poi,,,,,
85,7993,-77.146689,39.085452,stop,,0,0,0,POINT (-77.146689 39.085452),,,,poi,,,,,
86,8040,-77.050026,38.900705,stop,,0,0,0,POINT (-77.050026 38.900705),,,,poi,,,,,
87,9360,-77.164761,39.11999,stop,,0,0,0,POINT (-77.164761 39.119990),,,,poi,,,,,
88,9720,-77.050346,38.857817,stop,,0,0,0,POINT (-77.050346 38.857817),,,,poi,,,,,
89,9838,-77.043475,38.853003,stop,,0,0,0,POINT (-77.043475 38.853003),,,,poi,,,,,
90,9880,-77.070831,38.800345,stop,,0,0,0,POINT (-77.070831 38.800345),,,,poi,,,,,
91,999,-76.915104,38.916552,stop,,0,0,0,POINT (-76.915104 38.916552),,,,poi,,,,,
100001,BLUE.0.10352,-77.129211,38.799163,directed_route_stop,,0,0,0,POINT (-77.129211 38.799163),,,"BLUE,0",,,,,,
100002,BLUE.0.11332,-77.072054,38.895393,directed_route_stop,,0,0,0,POINT (-77.072054 38.895393),,,"BLUE,0",,,,,,
100003,BLUE.0.12900,-77.005992,38.885569,directed_route_stop,,0,0,0,POINT (-77.005992 38.885569),,,"BLUE,0",,,,,,
100004,BLUE.0.12906,-77.028274,38.887487,directed_route_stop,,0,0,0,POINT (-77.028274 38.887487),,,"BLUE,0",,,,,,
100005,BLUE.0.12926,-77.062895,38.884512,directed_route_stop,,0,0,0,POINT (-77.062895 38.884512),,,"BLUE,0",,,,,,
100006,BLUE.0.12928,-77.053877,38.869374,directed_route_stop,,0,0,0,POINT (-77.053877 38.869374),,,"BLUE,0",,,,,,
100007,BLUE.0.12930,-77.059242,38.862861,directed_route_stop,,0,0,0,POINT (-77.059242 38.862861),,,"BLUE,0",,,,,,
100008,BLUE.0.1305,-76.913413,38.889471,directed_route_stop,,0,0,0,POINT (-76.913413 38.889471),,,"BLUE,0",,,,,,
100009,BLUE.0.13107,-76.89339,38.886602,directed_route_stop,,0,0,0,POINT (-76.893390 38.886602),,,"BLUE,0",,,,,,
100010,BLUE.0.13986,-77.053534,38.813952,directed_route_stop,,0,0,0,POINT (-77.053534 38.813952),,,"BLUE,0",,,,,,
100011,BLUE.0.13995,-77.060896,38.806406,directed_route_stop,,0,0,0,POINT (-77.060896 38.806406),,,"BLUE,0",,,,,,
100012,BLUE.0.14816,-77.168587,38.766096,directed_route_stop,,0,0,0,POINT (-77.168587 38.766096),,,"BLUE,0",,,,,,
100013,BLUE.0.4613,-76.937762,38.890318,directed_route_stop,,0,0,0,POINT (-76.937762 38.890318),,,"BLUE,0",,,,,,
100014,BLUE.0.4664,-76.868598,38.893486,directed_route_stop,,0,0,0,POINT (-76.868598 38.893486),,,"BLUE,0",,,,,,
100015,BLUE.0.4697,-76.84464,38.900169,directed_route_stop,,0,0,0,POINT (-76.844640 38.900169),,,"BLUE,0",,,,,,
100016,BLUE.0.5017,-77.0217,38.884786,directed_route_stop,,0,0,0,POINT (-77.021700 38.884786),,,"BLUE,0",,,,,,
100017,BLUE.0.5110,-76.977268,38.885882,directed_route_stop,,0,0,0,POINT (-76.977268 38.885882),,,"BLUE,0",,,,,,
100018,BLUE.0.6479,-76.99511,38.884048,directed_route_stop,,0,0,0,POINT (-76.995110 38.884048),,,"BLUE,0",,,,,,
100019,BLUE.0.6553,-76.985497,38.880774,directed_route_stop,,0,0,0,POINT (-76.985497 38.880774),,,"BLUE,0",,,,,,
100020,BLUE.0.7333,-77.015636,38.884881,directed_route_stop,,0,0,0,POINT (-77.015636 38.884881),,,"BLUE,0",,,,,,
100021,BLUE.0.7588,-77.027877,38.898227,directed_route_stop,,0,0,0,POINT (-77.027877 38.898227),,,"BLUE,0",,,,,,
100022,BLUE.0.7671,-77.027996,38.893689,directed_route_stop,,0,0,0,POINT (-77.027996 38.893689),,,"BLUE,0",,,,,,
100023,BLUE.0.7812,-77.032058,38.901235,directed_route_stop,,0,0,0,POINT (-77.032058 38.901235),,,"BLUE,0",,,,,,
100024,BLUE.0.7932,-77.039582,38.901266,directed_route_stop,,0,0,0,POINT (-77.039582 38.901266),,,"BLUE,0",,,,,,
100025,BLUE.0.8040,-77.050126,38.900605,directed_route_stop,,0,0,0,POINT (-77.050126 38.900605),,,"BLUE,0",,,,,,
100026,BLUE.0.9720,-77.050446,38.857717,directed_route_stop,,0,0,0,POINT (-77.050446 38.857717),,,"BLUE,0",,,,,,
100027,BLUE.0.9838,-77.043575,38.852903,directed_route_stop,,0,0,0,POINT (-77.043575 38.852903),,,"BLUE,0",,,,,,
100028,BLUE.1.10352,-77.129211,38.799163,directed_route_stop,,0,0,0,POINT (-77.129211 38.799163),,,"BLUE,1",,,,,,
100029,BLUE.1.11332,-77.072054,38.895393,directed_route_stop,,0,0,0,POINT (-77.072054 38.895393),,,"BLUE,1",,,,,,
100030,BLUE.1.12900,-77.005992,38.885569,directed_route_stop,,0,0,0,POINT (-77.005992 38.885569),,,"BLUE,1",,,,,,
100031,BLUE.1.12906,-77.028274,38.887487,directed_route_stop,,0,0,0,POINT (-77.028274 38.887487),,,"BLUE,1",,,,,,
100032,BLUE.1.12926,-77.062895,38.884512,directed_route_stop,,0,0,0,POINT (-77.062895 38.884512),,,"BLUE,1",,,,,,
100033,BLUE.1.12928,-77.053877,38.869374,directed_route_stop,,0,0,0,POINT (-77.053877 38.869374),,,"BLUE,1",,,,,,
100034,BLUE.1.12930,-77.059242,38.862861,directed_route_stop,,0,0,0,POINT (-77.059242 38.862861),,,"BLUE,1",,,,,,
100035,BLUE.1.1305,-76.913413,38.889471,directed_route_stop,,0,0,0,POINT (-76.913413 38.889471),,,"BLUE,1",,,,,,
100036,BLUE.1.13107,-76.89339,38.886602,directed_route_stop,,0,0,0,POINT (-76.893390 38.886602),,,"BLUE,1",,,,,,
100037,BLUE.1.13986,-77.053534,38.813952,directed_route_stop,,0,0,0,POINT (-77.053534 38.813952),,,"BLUE,1",,,,,,
100038,BLUE.1.13995,-77.060896,38.806406,directed_route_stop,,0,0,0,POINT (-77.060896 38.806406),,,"BLUE,1",,,,,,
100039,BLUE.1.14816,-77.168587,38.766096,directed_route_stop,,0,0,0,POINT (-77.168587 38.766096),,,"BLUE,1",,,,,,
100040,BLUE.1.4613,-76.937762,38.890318,directed_route_stop,,0,0,0,POINT (-76.937762 38.890318),,,"BLUE,1",,,,,,
100041,BLUE.1.4664,-76.868598,38.893486,directed_route_stop,,0,0,0,POINT (-76.868598 38.893486),,,"BLUE,1",,,,,,
100042,BLUE.1.4697,-76.84464,38.900169,directed_route_stop,,0,0,0,POINT (-76.844640 38.900169),,,"BLUE,1",,,,,,
100043,BLUE.1.5017,-77.0217,38.884786,directed_route_stop,,0,0,0,POINT (-77.021700 38.884786),,,"BLUE,1",,,,,,
100044,BLUE.1.5110,-76.977268,38.885882,directed_route_stop,,0,0,0,POINT (-76.977268 38.885882),,,"BLUE,1",,,,,,
100045,BLUE.1.6479,-76.99511,38.884048,directed_route_stop,,0,0,0,POINT (-76.995110 38.884048),,,"BLUE,1",,,,,,
100046,BLUE.1.6553,-76.985497,38.880774,directed_route_stop,,0,0,0,POINT (-76.985497 38.880774),,,"BLUE,1",,,,,,
100047,BLUE.1.7333,-77.015636,38.884881,directed_route_stop,,0,0,0,POINT (-77.015636 38.884881),,,"BLUE,1",,,,,,
100048,BLUE.1.7588,-77.027877,38.898227,directed_route_stop,,0,0,0,POINT (-77.027877 38.898227),,,"BLUE,1",,,,,,
100049,BLUE.1.7671,-77.027996,38.893689,directed_route_stop,,0,0,0,POINT (-77.027996 38.893689),,,"BLUE,1",,,,,,
100050,BLUE.1.7812,-77.032058,38.901235,directed_route_stop,,0,0,0,POINT (-77.032058 38.901235),,,"BLUE,1",,,,,,
100051,BLUE.1.7932,-77.039582,38.901266,directed_route_stop,,0,0,0,POINT (-77.039582 38.901266),,,"BLUE,1",,,,,,
100052,BLUE.1.8040,-77.050126,38.900605,directed_route_stop,,0,0,0,POINT (-77.050126 38.900605),,,"BLUE,1",,,,,,
100053,BLUE.1.9720,-77.050446,38.857717,directed_route_stop,,0,0,0,POINT (-77.050446 38.857717),,,"BLUE,1",,,,,,
100054,BLUE.1.9838,-77.043575,38.852903,directed_route_stop,,0,0,0,POINT (-77.043575 38.852903),,,"BLUE,1",,,,,,
100055,GREEN.0.10142,-76.93171,38.843739,directed_route_stop,,0,0,0,POINT (-76.931710 38.843739),,,"GREEN,0",,,,,,
100056,GREEN.0.10344,-77.022005,38.905538,directed_route_stop,,0,0,0,POINT (-77.022005 38.905538),,,"GREEN,0",,,,,,
100057,GREEN.0.11731,-76.911111,39.010967,directed_route_stop,,0,0,0,POINT (-76.911111 39.010967),,,"GREEN,0",,,,,,
100058,GREEN.0.11733,-76.928297,38.9783,directed_route_stop,,0,0,0,POINT (-76.928297 38.978300),,,"GREEN,0",,,,,,
100059,GREEN.0.11886,-76.969622,38.954928,directed_route_stop,,0,0,0,POINT (-76.969622 38.954928),,,"GREEN,0",,,,,,
100060,GREEN.0.1418,-77.029269,38.916915,directed_route_stop,,0,0,0,POINT (-77.029269 38.916915),,,"GREEN,0",,,,,,
100061,GREEN.0.21110,-76.911902,38.826922,directed_route_stop,,0,0,0,POINT (-76.911902 38.826922),,,"GREEN,0",,,,,,
100062,GREEN.0.25552,-77.032554,38.928611,directed_route_stop,,0,0,0,POINT (-77.032554 38.928611),,,"GREEN,0",,,,,,
100063,GREEN.0.25553,-77.024352,38.936155,directed_route_stop,,0,0,0,POINT (-77.024352 38.936155),,,"GREEN,0",,,,,,
100064,GREEN.0.3034,-76.956088,38.965152,directed_route_stop,,0,0,0,POINT (-76.956088 38.965152),,,"GREEN,0",,,,,,
100065,GREEN.0.308,-77.022027,38.914446,directed_route_stop,,0,0,0,POINT (-77.022027 38.914446),,,"GREEN,0",,,,,,
100066,GREEN.0.4655,-76.98796,38.845279,directed_route_stop,,0,0,0,POINT (-76.987960 38.845279),,,"GREEN,0",,,,,,
100067,GREEN.0.5017,-77.0217,38.884786,directed_route_stop,,0,0,0,POINT (-77.021700 38.884786),,,"GREEN,0",,,,,,
100068,GREEN.0.5305,-77.001964,38.951708,directed_route_stop,,0,0,0,POINT (-77.001964 38.951708),,,"GREEN,0",,,,,,
100069,GREEN.0.5759,-77.004849,38.876417,directed_route_stop,,0,0,0,POINT (-77.004849 38.876417),,,"GREEN,0",,,,,,
100070,GREEN.0.6751,-76.995425,38.862017,directed_route_stop,,0,0,0,POINT (-76.995425 38.862017),,,"GREEN,0",,,,,,
100071,GREEN.0.7376,-77.017289,38.876378,directed_route_stop,,0,0,0,POINT (-77.017289 38.876378),,,"GREEN,0",,,,,,
100072,GREEN.0.7474,-77.021627,38.898254,directed_route_stop,,0,0,0,POINT (-77.021627 38.898254),,,"GREEN,0",,,,,,
100073,GREEN.0.7477,-77.021692,38.893807,directed_route_stop,,0,0,0,POINT (-77.021692 38.893807),,,"GREEN,0",,,,,,
100074,GREEN.0.7681,-76.975103,38.840947,directed_route_stop,,0,0,0,POINT (-76.975103 38.840947),,,"GREEN,0",,,,,,
100075,GREEN.0.7686,-76.956414,38.851064,directed_route_stop,,0,0,0,POINT (-76.956414 38.851064),,,"GREEN,0",,,,,,
100076,GREEN.1.10142,-76.93171,38.843739,directed_route_stop,,0,0,0,POINT (-76.931710 38.843739),,,"GREEN,1",,,,,,
100077,GREEN.1.10344,-77.022005,38.905538,directed_route_stop,,0,0,0,POINT (-77.022005 38.905538),,,"GREEN,1",,,,,,
100078,GREEN.1.11731,-76.911111,39.010967,directed_route_stop,,0,0,0,POINT (-76.911111 39.010967),,,"GREEN,1",,,,,,
100079,GREEN.1.11733,-76.928297,38.9783,directed_route_stop,,0,0,0,POINT (-76.928297 38.978300),,,"GREEN,1",,,,,,
100080,GREEN.1.11886,-76.969622,38.954928,directed_route_stop,,0,0,0,POINT (-76.969622 38.954928),,,"GREEN,1",,,,,,
100081,GREEN.1.1418,-77.029269,38.916915,directed_route_stop,,0,0,0,POINT (-77.029269 38.916915),,,"GREEN,1",,,,,,
100082,GREEN.1.21110,-76.911902,38.826922,directed_route_stop,,0,0,0,POINT (-76.911902 38.826922),,,"GREEN,1",,,,,,
100083,GREEN.1.25552,-77.032554,38.928611,directed_route_stop,,0,0,0,POINT (-77.032554 38.928611),,,"GREEN,1",,,,,,
100084,GREEN.1.25553,-77.024352,38.936155,directed_route_stop,,0,0,0,POINT (-77.024352 38.936155),,,"GREEN,1",,,,,,
100085,GREEN.1.3034,-76.956088,38.965152,directed_route_stop,,0,0,0,POINT (-76.956088 38.965152),,,"GREEN,1",,,,,,
100086,GREEN.1.308,-77.022027,38.914446,directed_route_stop,,0,0,0,POINT (-77.022027 38.914446),,,"GREEN,1",,,,,,
100087,GREEN.1.4655,-76.98796,38.845279,directed_route_stop,,0,0,0,POINT (-76.987960 38.845279),,,"GREEN,1",,,,,,
100088,GREEN.1.5017,-77.0217,38.884786,directed_route_stop,,0,0,0,POINT (-77.021700 38.884786),,,"GREEN,1",,,,,,
100089,GREEN.1.5305,-77.001964,38.951708,directed_route_stop,,0,0,0,POINT (-77.001964 38.951708),,,"GREEN,1",,,,,,
100090,GREEN.1.5759,-77.004849,38.876417,directed_route_stop,,0,0,0,POINT (-77.004849 38.876417),,,"GREEN,1",,,,,,
100091,GREEN.1.6751,-76.995425,38.862017,directed_route_stop,,0,0,0,POINT (-76.995425 38.862017),,,"GREEN,1",,,,,,
100092,GREEN.1.7376,-77.017289,38.876378,directed_route_stop,,0,0,0,POINT (-77.017289 38.876378),,,"GREEN,1",,,,,,
100093,GREEN.1.7474,-77.021627,38.898254,directed_route_stop,,0,0,0,POINT (-77.021627 38.898254),,,"GREEN,1",,,,,,
100094,GREEN.1.7477,-77.021692,38.893807,directed_route_stop,,0,0,0,POINT (-77.021692 38.893807),,,"GREEN,1",,,,,,
100095,GREEN.1.7681,-76.975103,38.840947,directed_route_stop,,0,0,0,POINT (-76.975103 38.840947),,,"GREEN,1",,,,,,
100096,GREEN.1.7686,-76.956414,38.851064,directed_route_stop,,0,0,0,POINT (-76.956414 38.851064),,,"GREEN,1",,,,,,
100097,ORANGE.0.11332,-77.072054,38.895393,directed_route_stop,,0,0,0,POINT (-77.072054 38.895393),,,"ORANGE,0",,,,,,
100098,ORANGE.0.11602,-77.228754,38.883046,directed_route_stop,,0,0,0,POINT (-77.228754 38.883046),,,"ORANGE,0",,,,,,
100099,ORANGE.0.11610,-77.271463,38.877781,directed_route_stop,,0,0,0,POINT (-77.271463 38.877781),,,"ORANGE,0",,,,,,
100100,ORANGE.0.12282,-77.156667,38.885942,directed_route_stop,,0,0,0,POINT (-77.156667 38.885942),,,"ORANGE,0",,,,,,
100101,ORANGE.0.12488,-77.084923,38.891231,directed_route_stop,,0,0,0,POINT (-77.084923 38.891231),,,"ORANGE,0",,,,,,
100102,ORANGE.0.12631,-77.11165,38.882138,directed_route_stop,,0,0,0,POINT (-77.111650 38.882138),,,"ORANGE,0",,,,,,
100103,ORANGE.0.12648,-77.095087,38.887076,directed_route_stop,,0,0,0,POINT (-77.095087 38.887076),,,"ORANGE,0",,,,,,
100104,ORANGE.0.12900,-77.005992,38.885569,directed_route_stop,,0,0,0,POINT (-77.005992 38.885569),,,"ORANGE,0",,,,,,
100105,ORANGE.0.12906,-77.028274,38.887487,directed_route_stop,,0,0,0,POINT (-77.028274 38.887487),,,"ORANGE,0",,,,,,
100106,ORANGE.0.12922,-77.103909,38.882974,directed_route_stop,,0,0,0,POINT (-77.103909 38.882974),,,"ORANGE,0",,,,,,
100107,ORANGE.0.14118,-77.188971,38.900638,directed_route_stop,,0,0,0,POINT (-77.188971 38.900638),,,"ORANGE,0",,,,,,
100108,ORANGE.0.2124,-76.890105,38.933894,directed_route_stop,,0,0,0,POINT (-76.890105 38.933894),,,"ORANGE,0",,,,,,
100109,ORANGE.0.25426,-76.947816,38.898213,directed_route_stop,,0,0,0,POINT (-76.947816 38.898213),,,"ORANGE,0",,,,,,
100110,ORANGE.0.2658,-76.870545,38.946812,directed_route_stop,,0,0,0,POINT (-76.870545 38.946812),,,"ORANGE,0",,,,,,
100111,ORANGE.0.5017,-77.0217,38.884786,directed_route_stop,,0,0,0,POINT (-77.021700 38.884786),,,"ORANGE,0",,,,,,
100112,ORANGE.0.5030,-76.935669,38.907845,directed_route_stop,,0,0,0,POINT (-76.935669 38.907845),,,"ORANGE,0",,,,,,
100113,ORANGE.0.5110,-76.977268,38.885882,directed_route_stop,,0,0,0,POINT (-76.977268 38.885882),,,"ORANGE,0",,,,,,
100114,ORANGE.0.6479,-76.99511,38.884048,directed_route_stop,,0,0,0,POINT (-76.995110 38.884048),,,"ORANGE,0",,,,,,
100115,ORANGE.0.6553,-76.985497,38.880774,directed_route_stop,,0,0,0,POINT (-76.985497 38.880774),,,"ORANGE,0",,,,,,
100116,ORANGE.0.7333,-77.015636,38.884881,directed_route_stop,,0,0,0,POINT (-77.015636 38.884881),,,"ORANGE,0",,,,,,
100117,ORANGE.0.7588,-77.027877,38.898227,directed_route_stop,,0,0,0,POINT (-77.027877 38.898227),,,"ORANGE,0",,,,,,
100118,ORANGE.0.7671,-77.027996,38.893689,directed_route_stop,,0,0,0,POINT (-77.027996 38.893689),,,"ORANGE,0",,,,,,
100119,ORANGE.0.7812,-77.032058,38.901235,directed_route_stop,,0,0,0,POINT (-77.032058 38.901235),,,"ORANGE,0",,,,,,
100120,ORANGE.0.7932,-77.039582,38.901266,directed_route_stop,,0,0,0,POINT (-77.039582 38.901266),,,"ORANGE,0",,,,,,
100121,ORANGE.0.8040,-77.050126,38.900605,directed_route_stop,,0,0,0,POINT (-77.050126 38.900605),,,"ORANGE,0",,,,,,
100122,ORANGE.0.999,-76.915204,38.916452,directed_route_stop,,0,0,0,POINT (-76.915204 38.916452),,,"ORANGE,0",,,,,,
100123,ORANGE.1.11332,-77.072054,38.895393,directed_route_stop,,0,0,0,POINT (-77.072054 38.895393),,,"ORANGE,1",,,,,,
100124,ORANGE.1.11602,-77.228754,38.883046,directed_route_stop,,0,0,0,POINT (-77.228754 38.883046),,,"ORANGE,1",,,,,,
100125,ORANGE.1.11610,-77.271463,38.877781,directed_route_stop,,0,0,0,POINT (-77.271463 38.877781),,,"ORANGE,1",,,,,,
100126,ORANGE.1.12282,-77.156667,38.885942,directed_route_stop,,0,0,0,POINT (-77.156667 38.885942),,,"ORANGE,1",,,,,,
100127,ORANGE.1.12488,-77.084923,38.891231,directed_route_stop,,0,0,0,POINT (-77.084923 38.891231),,,"ORANGE,1",,,,,,
100128,ORANGE.1.12631,-77.11165,38.882138,directed_route_stop,,0,0,0,POINT (-77.111650 38.882138),,,"ORANGE,1",,,,,,
100129,ORANGE.1.12648,-77.095087,38.887076,directed_route_stop,,0,0,0,POINT (-77.095087 38.887076),,,"ORANGE,1",,,,,,
100130,ORANGE.1.12900,-77.005992,38.885569,directed_route_stop,,0,0,0,POINT (-77.005992 38.885569),,,"ORANGE,1",,,,,,
100131,ORANGE.1.12906,-77.028274,38.887487,directed_route_stop,,0,0,0,POINT (-77.028274 38.887487),,,"ORANGE,1",,,,,,
100132,ORANGE.1.12922,-77.103909,38.882974,directed_route_stop,,0,0,0,POINT (-77.103909 38.882974),,,"ORANGE,1",,,,,,
100133,ORANGE.1.14118,-77.188971,38.900638,directed_route_stop,,0,0,0,POINT (-77.188971 38.900638),,,"ORANGE,1",,,,,,
100134,ORANGE.1.2124,-76.890105,38.933894,directed_route_stop,,0,0,0,POINT (-76.890105 38.933894),,,"ORANGE,1",,,,,,
100135,ORANGE.1.25426,-76.947816,38.898213,directed_route_stop,,0,0,0,POINT (-76.947816 38.898213),,,"ORANGE,1",,,,,,
100136,ORANGE.1.2658,-76.870545,38.946812,directed_route_stop,,0,0,0,POINT (-76.870545 38.946812),,,"ORANGE,1",,,,,,
100137,ORANGE.1.5017,-77.0217,38.884786,directed_route_stop,,0,0,0,POINT (-77.021700 38.884786),,,"ORANGE,1",,,,,,
100138,ORANGE.1.5030,-76.935669,38.907845,directed_route_stop,,0,0,0,POINT (-76.935669 38.907845),,,"ORANGE,1",,,,,,
100139,ORANGE.1.5110,-76.977268,38.885882,directed_route_stop,,0,0,0,POINT (-76.977268 38.885882),,,"ORANGE,1",,,,,,
100140,ORANGE.1.6479,-76.99511,38.884048,directed_route_stop,,0,0,0,POINT (-76.995110 38.884048),,,"ORANGE,1",,,,,,
100141,ORANGE.1.6553,-76.985497,38.880774,directed_route_stop,,0,0,0,POINT (-76.985497 38.880774),,,"ORANGE,1",,,,,,
100142,ORANGE.1.7333,-77.015636,38.884881,directed_route_stop,,0,0,0,POINT (-77.015636 38.884881),,,"ORANGE,1",,,,,,
100143,ORANGE.1.7588,-77.027877,38.898227,directed_route_stop,,0,0,0,POINT (-77.027877 38.898227),,,"ORANGE,1",,,,,,
100144,ORANGE.1.7671,-77.027996,38.893689,directed_route_stop,,0,0,0,POINT (-77.027996 38.893689),,,"ORANGE,1",,,,,,
100145,ORANGE.1.7812,-77.032058,38.901235,directed_route_stop,,0,0,0,POINT (-77.032058 38.901235),,,"ORANGE,1",,,,,,
100146,ORANGE.1.7932,-77.039582,38.901266,directed_route_stop,,0,0,0,POINT (-77.039582 38.901266),,,"ORANGE,1",,,,,,
100147,ORANGE.1.8040,-77.050126,38.900605,directed_route_stop,,0,0,0,POINT (-77.050126 38.900605),,,"ORANGE,1",,,,,,
100148,ORANGE.1.999,-76.915204,38.916452,directed_route_stop,,0,0,0,POINT (-76.915204 38.916452),,,"ORANGE,1",,,,,,
100149,RED.0.12872,-77.006502,38.89767,directed_route_stop,,0,0,0,POINT (-77.006502 38.897670),,,"RED,0",,,,,,
100150,RED.0.12874,-77.016412,38.896021,directed_route_stop,,0,0,0,POINT (-77.016412 38.896021),,,"RED,0",,,,,,
100151,RED.0.16051,-77.053197,39.061643,directed_route_stop,,0,0,0,POINT (-77.053197 39.061643),,,"RED,0",,,,,,
100152,RED.0.20078,-77.032407,38.993558,directed_route_stop,,0,0,0,POINT (-77.032407 38.993558),,,"RED,0",,,,,,
100153,RED.0.21029,-77.042767,39.015365,directed_route_stop,,0,0,0,POINT (-77.042767 39.015365),,,"RED,0",,,,,,
100154,RED.0.22094,-77.112882,39.047062,directed_route_stop,,0,0,0,POINT (-77.112882 39.047062),,,"RED,0",,,,,,
100155,RED.0.2640,-77.097048,38.999962,directed_route_stop,,0,0,0,POINT (-77.097048 38.999962),,,"RED,0",,,,,,
100156,RED.0.3542,-77.103938,39.029143,directed_route_stop,,0,0,0,POINT (-77.103938 39.029143),,,"RED,0",,,,,,
100157,RED.0.3969,-77.120892,39.062289,directed_route_stop,,0,0,0,POINT (-77.120892 39.062289),,,"RED,0",,,,,,
100158,RED.0.4271,-77.050876,39.038465,directed_route_stop,,0,0,0,POINT (-77.050876 39.038465),,,"RED,0",,,,,,
100159,RED.0.4364,-77.085867,38.960897,directed_route_stop,,0,0,0,POINT (-77.085867 38.960897),,,"RED,0",,,,,,
100160,RED.0.4387,-77.094251,38.984331,directed_route_stop,,0,0,0,POINT (-77.094251 38.984331),,,"RED,0",,,,,,
100161,RED.0.4567,-77.003081,38.907313,directed_route_stop,,0,0,0,POINT (-77.003081 38.907313),,,"RED,0",,,,,,
100162,RED.0.4710,-76.994574,38.933132,directed_route_stop,,0,0,0,POINT (-76.994574 38.933132),,,"RED,0",,,,,,
100163,RED.0.4905,-77.05245,38.9249,directed_route_stop,,0,0,0,POINT (-77.052450 38.924900),,,"RED,0",,,,,,
100164,RED.0.4912,-77.058724,38.935752,directed_route_stop,,0,0,0,POINT (-77.058724 38.935752),,,"RED,0",,,,,,
100165,RED.0.4941,-77.063816,38.944419,directed_route_stop,,0,0,0,POINT (-77.063816 38.944419),,,"RED,0",,,,,,
100166,RED.0.4956,-77.044528,38.911029,directed_route_stop,,0,0,0,POINT (-77.044528 38.911029),,,"RED,0",,,,,,
100167,RED.0.5305,-77.001964,38.951708,directed_route_stop,,0,0,0,POINT (-77.001964 38.951708),,,"RED,0",,,,,,
100168,RED.0.5635,-77.039602,38.903197,directed_route_stop,,0,0,0,POINT (-77.039602 38.903197),,,"RED,0",,,,,,
100169,RED.0.5660,-77.079399,38.947749,directed_route_stop,,0,0,0,POINT (-77.079399 38.947749),,,"RED,0",,,,,,
100170,RED.0.6671,-76.995782,38.920678,directed_route_stop,,0,0,0,POINT (-76.995782 38.920678),,,"RED,0",,,,,,
100171,RED.0.6963,-77.017521,38.975332,directed_route_stop,,0,0,0,POINT (-77.017521 38.975332),,,"RED,0",,,,,,
100172,RED.0.7474,-77.021627,38.898254,directed_route_stop,,0,0,0,POINT (-77.021627 38.898254),,,"RED,0",,,,,,
100173,RED.0.7588,-77.027877,38.898227,directed_route_stop,,0,0,0,POINT (-77.027877 38.898227),,,"RED,0",,,,,,
100174,RED.0.7993,-77.146789,39.085352,directed_route_stop,,0,0,0,POINT (-77.146789 39.085352),,,"RED,0",,,,,,
100175,RED.0.9360,-77.164861,39.11989,directed_route_stop,,0,0,0,POINT (-77.164861 39.119890),,,"RED,0",,,,,,
100176,RED.1.12872,-77.006502,38.89767,directed_route_stop,,0,0,0,POINT (-77.006502 38.897670),,,"RED,1",,,,,,
100177,RED.1.12874,-77.016412,38.896021,directed_route_stop,,0,0,0,POINT (-77.016412 38.896021),,,"RED,1",,,,,,
100178,RED.1.16051,-77.053197,39.061643,directed_route_stop,,0,0,0,POINT (-77.053197 39.061643),,,"RED,1",,,,,,
100179,RED.1.20078,-77.032407,38.993558,directed_route_stop,,0,0,0,POINT (-77.032407 38.993558),,,"RED,1",,,,,,
100180,RED.1.21029,-77.042767,39.015365,directed_route_stop,,0,0,0,POINT (-77.042767 39.015365),,,"RED,1",,,,,,
100181,RED.1.22094,-77.112882,39.047062,directed_route_stop,,0,0,0,POINT (-77.112882 39.047062),,,"RED,1",,,,,,
100182,RED.1.2640,-77.097048,38.999962,directed_route_stop,,0,0,0,POINT (-77.097048 38.999962),,,"RED,1",,,,,,
100183,RED.1.3542,-77.103938,39.029143,directed_route_stop,,0,0,0,POINT (-77.103938 39.029143),,,"RED,1",,,,,,
100184,RED.1.3969,-77.120892,39.062289,directed_route_stop,,0,0,0,POINT (-77.120892 39.062289),,,"RED,1",,,,,,
100185,RED.1.4271,-77.050876,39.038465,directed_route_stop,,0,0,0,POINT (-77.050876 39.038465),,,"RED,1",,,,,,
100186,RED.1.4364,-77.085867,38.960897,directed_route_stop,,0,0,0,POINT (-77.085867 38.960897),,,"RED,1",,,,,,
100187,RED.1.4387,-77.094251,38.984331,directed_route_stop,,0,0,0,POINT (-77.094251 38.984331),,,"RED,1",,,,,,
100188,RED.1.4567,-77.003081,38.907313,directed_route_stop,,0,0,0,POINT (-77.003081 38.907313),,,"RED,1",,,,,,
100189,RED.1.4710,-76.994574,38.933132,directed_route_stop,,0,0,0,POINT (-76.994574 38.933132),,,"RED,1",,,,,,
100190,RED.1.4905,-77.05245,38.9249,directed_route_stop,,0,0,0,POINT (-77.052450 38.924900),,,"RED,1",,,,,,
100191,RED.1.4912,-77.058724,38.935752,directed_route_stop,,0,0,0,POINT (-77.058724 38.935752),,,"RED,1",,,,,,
100192,RED.1.4941,-77.063816,38.944419,directed_route_stop,,0,0,0,POINT (-77.063816 38.944419),,,"RED,1",,,,,,
100193,RED.1.4956,-77.044528,38.911029,directed_route_stop,,0,0,0,POINT (-77.044528 38.911029),,,"RED,1",,,,,,
100194,RED.1.5305,-77.001964,38.951708,directed_route_stop,,0,0,0,POINT (-77.001964 38.951708),,,"RED,1",,,,,,
100195,RED.1.5635,-77.039602,38.903197,directed_route_stop,,0,0,0,POINT (-77.039602 38.903197),,,"RED,1",,,,,,
100196,RED.1.5660,-77.079399,38.947749,directed_route_stop,,0,0,0,POINT (-77.079399 38.947749),,,"RED,1",,,,,,
100197,RED.1.6671,-76.995782,38.920678,directed_route_stop,,0,0,0,POINT (-76.995782 38.920678),,,"RED,1",,,,,,
100198,RED.1.6963,-77.017521,38.975332,directed_route_stop,,0,0,0,POINT (-77.017521 38.975332),,,"RED,1",,,,,,
100199,RED.1.7474,-77.021627,38.898254,directed_route_stop,,0,0,0,POINT (-77.021627 38.898254),,,"RED,1",,,,,,
100200,RED.1.7588,-77.027877,38.898227,directed_route_stop,,0,0,0,POINT (-77.027877 38.898227),,,"RED,1",,,,,,
100201,RED.1.7993,-77.146789,39.085352,directed_route_stop,,0,0,0,POINT (-77.146789 39.085352),,,"RED,1",,,,,,
100202,RED.1.9360,-77.164861,39.11989,directed_route_stop,,0,0,0,POINT (-77.164861 39.119890),,,"RED,1",,,,,,
100203,SILVER.0.11332,-77.072054,38.895393,directed_route_stop,,0,0,0,POINT (-77.072054 38.895393),,,"SILVER,0",,,,,,
100204,SILVER.0.12282,-77.156667,38.885942,directed_route_stop,,0,0,0,POINT (-77.156667 38.885942),,,"SILVER,0",,,,,,
100205,SILVER.0.12488,-77.084923,38.891231,directed_route_stop,,0,0,0,POINT (-77.084923 38.891231),,,"SILVER,0",,,,,,
100206,SILVER.0.12631,-77.11165,38.882138,directed_route_stop,,0,0,0,POINT (-77.111650 38.882138),,,"SILVER,0",,,,,,
100207,SILVER.0.12648,-77.095087,38.887076,directed_route_stop,,0,0,0,POINT (-77.095087 38.887076),,,"SILVER,0",,,,,,
100208,SILVER.0.12900,-77.005992,38.885569,directed_route_stop,,0,0,0,POINT (-77.005992 38.885569),,,"SILVER,0",,,,,,
100209,SILVER.0.12906,-77.028274,38.887487,directed_route_stop,,0,0,0,POINT (-77.028274 38.887487),,,"SILVER,0",,,,,,
100210,SILVER.0.12922,-77.103909,38.882974,directed_route_stop,,0,0,0,POINT (-77.103909 38.882974),,,"SILVER,0",,,,,,
100211,SILVER.0.1305,-76.913413,38.889471,directed_route_stop,,0,0,0,POINT (-76.913413 38.889471),,,"SILVER,0",,,,,,
100212,SILVER.0.13107,-76.89339,38.886602,directed_route_stop,,0,0,0,POINT (-76.893390 38.886602),,,"SILVER,0",,,,,,
100213,SILVER.0.2124,-76.890105,38.933894,directed_route_stop,,0,0,0,POINT (-76.890105 38.933894),,,"SILVER,0",,,,,,
100214,SILVER.0.25426,-76.947816,38.898213,directed_route_stop,,0,0,0,POINT (-76.947816 38.898213),,,"SILVER,0",,,,,,
100215,SILVER.0.2658,-76.870545,38.946812,directed_route_stop,,0,0,0,POINT (-76.870545 38.946812),,,"SILVER,0",,,,,,
100216,SILVER.0.39924,-77.208404,38.924969,directed_route_stop,,0,0,0,POINT (-77.208404 38.924969),,,"SILVER,0",,,,,,
100217,SILVER.0.39925,-77.221813,38.920204,directed_route_stop,,0,0,0,POINT (-77.221813 38.920204),,,"SILVER,0",,,,,,
100218,SILVER.0.39926,-77.232655,38.919464,directed_route_stop,,0,0,0,POINT (-77.232655 38.919464),,,"SILVER,0",,,,,,
100219,SILVER.0.39927,-77.24098,38.928444,directed_route_stop,,0,0,0,POINT (-77.240980 38.928444),,,"SILVER,0",,,,,,
100220,SILVER.0.39928,-77.337799,38.947034,directed_route_stop,,0,0,0,POINT (-77.337799 38.947034),,,"SILVER,0",,,,,,
100221,SILVER.0.4613,-76.937762,38.890318,directed_route_stop,,0,0,0,POINT (-76.937762 38.890318),,,"SILVER,0",,,,,,
100222,SILVER.0.4664,-76.868598,38.893486,directed_route_stop,,0,0,0,POINT (-76.868598 38.893486),,,"SILVER,0",,,,,,
100223,SILVER.0.4697,-76.84464,38.900169,directed_route_stop,,0,0,0,POINT (-76.844640 38.900169),,,"SILVER,0",,,,,,
100224,SILVER.0.5017,-77.0217,38.884786,directed_route_stop,,0,0,0,POINT (-77.021700 38.884786),,,"SILVER,0",,,,,,
100225,SILVER.0.5030,-76.935669,38.907845,directed_route_stop,,0,0,0,POINT (-76.935669 38.907845),,,"SILVER,0",,,,,,
100226,SILVER.0.5110,-76.977268,38.885882,directed_route_stop,,0,0,0,POINT (-76.977268 38.885882),,,"SILVER,0",,,,,,
100227,SILVER.0.6479,-76.99511,38.884048,directed_route_stop,,0,0,0,POINT (-76.995110 38.884048),,,"SILVER,0",,,,,,
100228,SILVER.0.6553,-76.985497,38.880774,directed_route_stop,,0,0,0,POINT (-76.985497 38.880774),,,"SILVER,0",,,,,,
100229,SILVER.0.7333,-77.015636,38.884881,directed_route_stop,,0,0,0,POINT (-77.015636 38.884881),,,"SILVER,0",,,,,,
100230,SILVER.0.7588,-77.027877,38.898227,directed_route_stop,,0,0,0,POINT (-77.027877 38.898227),,,"SILVER,0",,,,,,
100231,SILVER.0.7671,-77.027996,38.893689,directed_route_stop,,0,0,0,POINT (-77.027996 38.893689),,,"SILVER,0",,,,,,
100232,SILVER.0.7812,-77.032058,38.901235,directed_route_stop,,0,0,0,POINT (-77.032058 38.901235),,,"SILVER,0",,,,,,
100233,SILVER.0.7932,-77.039582,38.901266,directed_route_stop,,0,0,0,POINT (-77.039582 38.901266),,,"SILVER,0",,,,,,
100234,SILVER.0.8040,-77.050126,38.900605,directed_route_stop,,0,0,0,POINT (-77.050126 38.900605),,,"SILVER,0",,,,,,
100235,SILVER.0.999,-76.915204,38.916452,directed_route_stop,,0,0,0,POINT (-76.915204 38.916452),,,"SILVER,0",,,,,,
100236,SILVER.1.11332,-77.072054,38.895393,directed_route_stop,,0,0,0,POINT (-77.072054 38.895393),,,"SILVER,1",,,,,,
100237,SILVER.1.12282,-77.156667,38.885942,directed_route_stop,,0,0,0,POINT (-77.156667 38.885942),,,"SILVER,1",,,,,,
100238,SILVER.1.12488,-77.084923,38.891231,directed_route_stop,,0,0,0,POINT (-77.084923 38.891231),,,"SILVER,1",,,,,,
100239,SILVER.1.12631,-77.11165,38.882138,directed_route_stop,,0,0,0,POINT (-77.111650 38.882138),,,"SILVER,1",,,,,,
100240,SILVER.1.12648,-77.095087,38.887076,directed_route_stop,,0,0,0,POINT (-77.095087 38.887076),,,"SILVER,1",,,,,,
100241,SILVER.1.12900,-77.005992,38.885569,directed_route_stop,,0,0,0,POINT (-77.005992 38.885569),,,"SILVER,1",,,,,,
100242,SILVER.1.12906,-77.028274,38.887487,directed_route_stop,,0,0,0,POINT (-77.028274 38.887487),,,"SILVER,1",,,,,,
100243,SILVER.1.12922,-77.103909,38.882974,directed_route_stop,,0,0,0,POINT (-77.103909 38.882974),,,"SILVER,1",,,,,,
100244,SILVER.1.1305,-76.913413,38.889471,directed_route_stop,,0,0,0,POINT (-76.913413 38.889471),,,"SILVER,1",,,,,,
100245,SILVER.1.13107,-76.89339,38.886602,directed_route_stop,,0,0,0,POINT (-76.893390 38.886602),,,"SILVER,1",,,,,,
100246,SILVER.1.2124,-76.890105,38.933894,directed_route_stop,,0,0,0,POINT (-76.890105 38.933894),,,"SILVER,1",,,,,,
100247,SILVER.1.25426,-76.947816,38.898213,directed_route_stop,,0,0,0,POINT (-76.947816 38.898213),,,"SILVER,1",,,,,,
100248,SILVER.1.2658,-76.870545,38.946812,directed_route_stop,,0,0,0,POINT (-76.870545 38.946812),,,"SILVER,1",,,,,,
100249,SILVER.1.39924,-77.208404,38.924969,directed_route_stop,,0,0,0,POINT (-77.208404 38.924969),,,"SILVER,1",,,,,,
100250,SILVER.1.39925,-77.221813,38.920204,directed_route_stop,,0,0,0,POINT (-77.221813 38.920204),,,"SILVER,1",,,,,,
100251,SILVER.1.39926,-77.232655,38.919464,directed_route_stop,,0,0,0,POINT (-77.232655 38.919464),,,"SILVER,1",,,,,,
100252,SILVER.1.39927,-77.24098,38.928444,directed_route_stop,,0,0,0,POINT (-77.240980 38.928444),,,"SILVER,1",,,,,,
100253,SILVER.1.39928,-77.337799,38.947034,directed_route_stop,,0,0,0,POINT (-77.337799 38.947034),,,"SILVER,1",,,,,,
100254,SILVER.1.4613,-76.937762,38.890318,directed_route_stop,,0,0,0,POINT (-76.937762 38.890318),,,"SILVER,1",,,,,,
100255,SILVER.1.4664,-76.868598,38.893486,directed_route_stop,,0,0,0,POINT (-76.868598 38.893486),,,"SILVER,1",,,,,,
100256,SILVER.1.4697,-76.84464,38.900169,directed_route_stop,,0,0,0,POINT (-76.844640 38.900169),,,"SILVER,1",,,,,,
100257,SILVER.1.5017,-77.0217,38.884786,directed_route_stop,,0,0,0,POINT (-77.021700 38.884786),,,"SILVER,1",,,,,,
100258,SILVER.1.5030,-76.935669,38.907845,directed_route_stop,,0,0,0,POINT (-76.935669 38.907845),,,"SILVER,1",,,,,,
100259,SILVER.1.5110,-76.977268,38.885882,directed_route_stop,,0,0,0,POINT (-76.977268 38.885882),,,"SILVER,1",,,,,,
100260,SILVER.1.6479,-76.99511,38.884048,directed_route_stop,,0,0,0,POINT (-76.995110 38.884048),,,"SILVER,1",,,,,,
100261,SILVER.1.6553,-76.985497,38.880774,directed_route_stop,,0,0,0,POINT (-76.985497 38.880774),,,"SILVER,1",,,,,,
100262,SILVER.1.7333,-77.015636,38.884881,directed_route_stop,,0,0,0,POINT (-77.015636 38.884881),,,"SILVER,1",,,,,,
100263,SILVER.1.7588,-77.027877,38.898227,directed_route_stop,,0,0,0,POINT (-77.027877 38.898227),,,"SILVER,1",,,,,,
100264,SILVER.1.7671,-77.027996,38.893689,directed_route_stop,,0,0,0,POINT (-77.027996 38.893689),,,"SILVER,1",,,,,,
100265,SILVER.1.7812,-77.032058,38.901235,directed_route_stop,,0,0,0,POINT (-77.032058 38.901235),,,"SILVER,1",,,,,,
100266,SILVER.1.7932,-77.039582,38.901266,directed_route_stop,,0,0,0,POINT (-77.039582 38.901266),,,"SILVER,1",,,,,,
100267,SILVER.1.8040,-77.050126,38.900605,directed_route_stop,,0,0,0,POINT (-77.050126 38.900605),,,"SILVER,1",,,,,,
100268,SILVER.1.999,-76.915204,38.916452,directed_route_stop,,0,0,0,POINT (-76.915204 38.916452),,,"SILVER,1",,,,,,
100269,YELLOW.0.10344,-77.022005,38.905538,directed_route_stop,,0,0,0,POINT (-77.022005 38.905538),,,"YELLOW,0",,,,,,
100270,YELLOW.0.10352,-77.129211,38.799163,directed_route_stop,,0,0,0,POINT (-77.129211 38.799163),,,"YELLOW,0",,,,,,
100271,YELLOW.0.10776,-77.075055,38.793795,directed_route_stop,,0,0,0,POINT (-77.075055 38.793795),,,"YELLOW,0",,,,,,
100272,YELLOW.0.11731,-76.911111,39.010967,directed_route_stop,,0,0,0,POINT (-76.911111 39.010967),,,"YELLOW,0",,,,,,
100273,YELLOW.0.11733,-76.928297,38.9783,directed_route_stop,,0,0,0,POINT (-76.928297 38.978300),,,"YELLOW,0",,,,,,
100274,YELLOW.0.11886,-76.969622,38.954928,directed_route_stop,,0,0,0,POINT (-76.969622 38.954928),,,"YELLOW,0",,,,,,
100275,YELLOW.0.12928,-77.053877,38.869374,directed_route_stop,,0,0,0,POINT (-77.053877 38.869374),,,"YELLOW,0",,,,,,
100276,YELLOW.0.12930,-77.059242,38.862861,directed_route_stop,,0,0,0,POINT (-77.059242 38.862861),,,"YELLOW,0",,,,,,
100277,YELLOW.0.13986,-77.053534,38.813952,directed_route_stop,,0,0,0,POINT (-77.053534 38.813952),,,"YELLOW,0",,,,,,
100278,YELLOW.0.13995,-77.060896,38.806406,directed_route_stop,,0,0,0,POINT (-77.060896 38.806406),,,"YELLOW,0",,,,,,
100279,YELLOW.0.1418,-77.029269,38.916915,directed_route_stop,,0,0,0,POINT (-77.029269 38.916915),,,"YELLOW,0",,,,,,
100280,YELLOW.0.14816,-77.168587,38.766096,directed_route_stop,,0,0,0,POINT (-77.168587 38.766096),,,"YELLOW,0",,,,,,
100281,YELLOW.0.25552,-77.032554,38.928611,directed_route_stop,,0,0,0,POINT (-77.032554 38.928611),,,"YELLOW,0",,,,,,
100282,YELLOW.0.25553,-77.024352,38.936155,directed_route_stop,,0,0,0,POINT (-77.024352 38.936155),,,"YELLOW,0",,,,,,
100283,YELLOW.0.3034,-76.956088,38.965152,directed_route_stop,,0,0,0,POINT (-76.956088 38.965152),,,"YELLOW,0",,,,,,
100284,YELLOW.0.308,-77.022027,38.914446,directed_route_stop,,0,0,0,POINT (-77.022027 38.914446),,,"YELLOW,0",,,,,,
100285,YELLOW.0.5017,-77.0217,38.884786,directed_route_stop,,0,0,0,POINT (-77.021700 38.884786),,,"YELLOW,0",,,,,,
100286,YELLOW.0.5305,-77.001964,38.951708,directed_route_stop,,0,0,0,POINT (-77.001964 38.951708),,,"YELLOW,0",,,,,,
100287,YELLOW.0.7474,-77.021627,38.898254,directed_route_stop,,0,0,0,POINT (-77.021627 38.898254),,,"YELLOW,0",,,,,,
100288,YELLOW.0.7477,-77.021692,38.893807,directed_route_stop,,0,0,0,POINT (-77.021692 38.893807),,,"YELLOW,0",,,,,,
100289,YELLOW.0.9720,-77.050446,38.857717,directed_route_stop,,0,0,0,POINT (-77.050446 38.857717),,,"YELLOW,0",,,,,,
100290,YELLOW.0.9838,-77.043575,38.852903,directed_route_stop,,0,0,0,POINT (-77.043575 38.852903),,,"YELLOW,0",,,,,,
100291,YELLOW.0.9880,-77.070931,38.800245,directed_route_stop,,0,0,0,POINT (-77.070931 38.800245),,,"YELLOW,0",,,,,,
100292,YELLOW.1.10344,-77.022005,38.905538,directed_route_stop,,0,0,0,POINT (-77.022005 38.905538),,,"YELLOW,1",,,,,,
100293,YELLOW.1.10352,-77.129211,38.799163,directed_route_stop,,0,0,0,POINT (-77.129211 38.799163),,,"YELLOW,1",,,,,,
100294,YELLOW.1.10776,-77.075055,38.793795,directed_route_stop,,0,0,0,POINT (-77.075055 38.793795),,,"YELLOW,1",,,,,,
100295,YELLOW.1.11731,-76.911111,39.010967,directed_route_stop,,0,0,0,POINT (-76.911111 39.010967),,,"YELLOW,1",,,,,,
100296,YELLOW.1.11733,-76.928297,38.9783,directed_route_stop,,0,0,0,POINT (-76.928297 38.978300),,,"YELLOW,1",,,,,,
100297,YELLOW.1.11886,-76.969622,38.954928,directed_route_stop,,0,0,0,POINT (-76.969622 38.954928),,,"YELLOW,1",,,,,,
100298,YELLOW.1.12928,-77.053877,38.869374,directed_route_stop,,0,0,0,POINT (-77.053877 38.869374),,,"YELLOW,1",,,,,,
100299,YELLOW.1.12930,-77.059242,38.862861,directed_route_stop,,0,0,0,POINT (-77.059242 38.862861),,,"YELLOW,1",,,,,,
100300,YELLOW.1.13986,-77.053534,38.813952,directed_route_stop,,0,0,0,POINT (-77.053534 38.813952),,,"YELLOW,1",,,,,,
100301,YELLOW.1.13995,-77.060896,38.806406,directed_route_stop,,0,0,0,POINT (-77.060896 38.806406),,,"YELLOW,1",,,,,,
100302,YELLOW.1.1418,-77.029269,38.916915,directed_route_stop,,0,0,0,POINT (-77.029269 38.916915),,,"YELLOW,1",,,,,,
100303,YELLOW.1.14816,-77.168587,38.766096,directed_route_stop,,0,0,0,POINT (-77.168587 38.766096),,,"YELLOW,1",,,,,,
100304,YELLOW.1.25552,-77.032554,38.928611,directed_route_stop,,0,0,0,POINT (-77.032554 38.928611),,,"YELLOW,1",,,,,,
100305,YELLOW.1.25553,-77.024352,38.936155,directed_route_stop,,0,0,0,POINT (-77.024352 38.936155),,,"YELLOW,1",,,,,,
100306,YELLOW.1.3034,-76.956088,38.965152,directed_route_stop,,0,0,0,POINT (-76.956088 38.965152),,,"YELLOW,1",,,,,,
100307,YELLOW.1.308,-77.022027,38.914446,directed_route_stop,,0,0,0,POINT (-77.022027 38.914446),,,"YELLOW,1",,,,,,
100308,YELLOW.1.5017,-77.0217,38.884786,directed_route_stop,,0,0,0,POINT (-77.021700 38.884786),,,"YELLOW,1",,,,,,
100309,YELLOW.1.5305,-77.001964,38.951708,directed_route_stop,,0,0,0,POINT (-77.001964 38.951708),,,"YELLOW,1",,,,,,
100310,YELLOW.1.7474,-77.021627,38.898254,directed_route_stop,,0,0,0,POINT (-77.021627 38.898254),,,"YELLOW,1",,,,,,
100311,YELLOW.1.7477,-77.021692,38.893807,directed_route_stop,,0,0,0,POINT (-77.021692 38.893807),,,"YELLOW,1",,,,,,
100312,YELLOW.1.9720,-77.050446,38.857717,directed_route_stop,,0,0,0,POINT (-77.050446 38.857717),,,"YELLOW,1",,,,,,
100313,YELLOW.1.9838,-77.043575,38.852903,directed_route_stop,,0,0,0,POINT (-77.043575 38.852903),,,"YELLOW,1",,,,,,
100314,YELLOW.1.9880,-77.070931,38.800245,directed_route_stop,,0,0,0,POINT (-77.070931 38.800245),,,"YELLOW,1",,,,,,